Temperature,pH,Conductivity,TSS,DO,Salinity,ORP,Color,Date,Time
12.3942,6.1,1.5,1291.1,1.3495,2.45,0.6512,4.35,10-Sep-2021,16:42:19
 12.3942,6.1,1.5,1291.1,1.3495,2.45,0.6512,4.35,10-Sep-2021,16:42:21
 12.3942,6.1,1.5,1291.1,1.3495,2.45,0.6512,4.35,10-Sep-2021,16:42:24
 12.3942,6.1,1.5,1291.1,1.3495,2.45,0.6512,4.35,10-Sep-2021,16:42:26
 12.3942,6.1,1.5,1291.1,1.3495,2.45,0.6512,4.35,10-Sep-2021,16:42:28
 12.3942,6.1,1.5,1291.1,1.3495,2.45,0.6512,4.35,10-Sep-2021,16:42:32
 12.3942,6.1,1.5,1291.1,1.3495,2.45,0.6512,4.35,10-Sep-2021,16:42:32
12.3942,6.1,1.5,1291.1,1.3495,2.45,0.6512,4.35,10-Sep-2021,16:44:02
12.3942,6.1,1.5,1291.1,1.3495,2.45,0.6512,4.35,10-Sep-2021,19:35:31
12.3942,6.1,1.5,1291.1,1.3495,2.45,0.6512,4.35,10-Sep-2021,19:38:45
12.3942,6.1,1.5,1291.1,1.3495,2.45,0.6512,4.35,10-Sep-2021,20:05:56
 12.3942,6.1,1.5,1291.1,1.3495,2.45,0.6512,4.35,10-Sep-2021,20:06:01
12.3942,6.1,1.5,1291.1,1.3495,2.45,0.6512,4.35,12-Sep-2021,13:28:35
12.3942,6.1,1.5,1291.1,1.3495,2.45,0.6512,4.35,12-Sep-2021,13:45:26
 12.3942,6.1,1.5,1291.1,1.3495,2.45,0.6512,4.35,12-Sep-2021,13:45:40
12.3942,6.1,1.5,1291.1,1.3495,2.45,0.6512,4.35,12-Sep-2021,13:46:13
12.3942,6.1,1.5,1291.1,1.3495,2.45,0.6512,4.35,12-Sep-2021,13:46:35
12.3942,6.1,1.5,1291.1,1.3495,2.45,0.6512,4.35,12-Sep-2021,13:46:41
 12.3942,6.1,1.5,1291.1,1.3495,2.45,0.6512,4.35,12-Sep-2021,13:46:42
 12.3942,6.1,1.5,1291.1,1.3495,2.45,0.6512,4.35,12-Sep-2021,13:46:49
 12.3942,6.1,1.5,1291.1,1.3495,2.45,0.6512,4.35,12-Sep-2021,13:46:53
12.3942,6.1,1.5,1291.1,1.3495,2.45,0.6512,4.35,12-Sep-2021,13:47:05
 12.3942,6.1,1.5,1291.1,1.3495,2.45,0.6512,4.35,12-Sep-2021,13:47:07
12.3942,6.1,1.5,1291.1,1.3495,2.45,0.6512,4.35,12-Sep-2021,13:47:27
 12.3942,6.1,1.5,1291.1,1.3495,2.45,0.6512,4.35,12-Sep-2021,13:47:29
 12.3942,6.1,1.5,1291.1,1.3495,2.45,0.6512,4.35,12-Sep-2021,13:47:30
12.3942,6.1,1.5,1291.1,1.3495,2.45,0.6512,4.35,12-Sep-2021,13:48:02
 12.3942,6.1,1.5,1291.1,1.3495,2.45,0.6512,4.35,12-Sep-2021,13:48:05
12.3942,6.1,1.5,1291.1,1.3495,2.45,0.6512,4.35,12-Sep-2021,13:48:10
 12.3942,6.1,1.5,1291.1,1.3495,2.45,0.6512,4.35,12-Sep-2021,13:48:11
 12.3942,6.1,1.5,1291.1,1.3495,2.45,0.6512,4.35,12-Sep-2021,13:48:12
 12.3942,6.1,1.5,1291.1,1.3495,2.45,0.6512,4.35,12-Sep-2021,13:48:12
 12.3942,6.1,1.5,1291.1,1.3495,2.45,0.6512,4.35,12-Sep-2021,13:48:12
 12.3942,6.1,1.5,1291.1,1.3495,2.45,0.6512,4.35,12-Sep-2021,13:48:13
12.3942,6.1,1.5,1291.1,1.3495,2.45,0.6512,4.35,12-Sep-2021,14:03:43
 12.3942,6.1,1.5,1291.1,1.3495,2.45,0.6512,4.35,12-Sep-2021,14:03:45
 12.3942,6.1,1.5,1291.1,1.3495,2.45,0.6512,4.35,12-Sep-2021,14:03:49
 12.3942,6.1,1.5,1291.1,1.3495,2.45,0.6512,4.35,12-Sep-2021,14:03:53
 12.3942,6.1,1.5,1291.1,1.3495,2.45,0.6512,4.35,12-Sep-2021,14:03:55
 12.3942,6.1,1.5,1291.1,1.3495,2.45,0.6512,4.35,12-Sep-2021,14:04:20
12.3942,6.1,1.5,1291.1,1.3495,2.45,0.6512,4.35,12-Sep-2021,14:04:35
 12.3942,6.1,1.5,1291.1,1.3495,2.45,0.6512,4.35,12-Sep-2021,14:04:38
 12.3942,6.1,1.5,1291.1,1.3495,2.45,0.6512,4.35,12-Sep-2021,14:04:41
 12.3942,6.1,1.5,1291.1,1.3495,2.45,0.6512,4.35,12-Sep-2021,14:04:42
 12.3942,6.1,1.5,1291.1,1.3495,2.45,0.6512,4.35,12-Sep-2021,14:04:43
12.3942,6.1,1.5,1291.1,1.3495,2.45,0.6512,4.35,12-Sep-2021,14:08:44
 12.3942,6.1,1.5,1291.1,1.3495,2.45,0.6512,4.35,12-Sep-2021,14:08:50
 12.3942,6.1,1.5,1291.1,1.3495,2.45,0.6512,4.35,12-Sep-2021,14:08:53
 12.3942,6.1,1.5,1291.1,1.3495,2.45,0.6512,4.35,12-Sep-2021,14:08:54
 12.3942,6.1,1.5,1291.1,1.3495,2.45,0.6512,4.35,12-Sep-2021,14:08:58
 12.3942,6.1,1.5,1291.1,1.3495,2.45,0.6512,4.35,12-Sep-2021,14:09:00
12.3942,6.1,1.5,1291.1,1.3495,2.45,0.6512,4.35,12-Sep-2021,14:32:36
 12.3942,6.1,1.5,1291.1,1.3495,2.45,0.6512,4.35,12-Sep-2021,14:32:37
 12.3942,6.1,1.5,1291.1,1.3495,2.45,0.6512,4.35,12-Sep-2021,14:32:38
 12.3942,6.1,1.5,1291.1,1.3495,2.45,0.6512,4.35,12-Sep-2021,14:32:38
 12.3942,6.1,1.5,1291.1,1.3495,2.45,0.6512,4.35,12-Sep-2021,14:32:39
 12.3942,6.1,1.5,1291.1,1.3495,2.45,0.6512,4.35,12-Sep-2021,14:32:39
 12.3942,6.1,1.5,1291.1,1.3495,2.45,0.6512,4.35,12-Sep-2021,14:32:40
 12.3942,6.1,1.5,1291.1,1.3495,2.45,0.6512,4.35,12-Sep-2021,14:32:42
 12.3942,6.1,1.5,1291.1,1.3495,2.45,0.6512,4.35,12-Sep-2021,14:32:44
 12.3942,6.1,1.5,1291.1,1.3495,2.45,0.6512,4.35,12-Sep-2021,14:32:46
 12.3942,6.1,1.5,1291.1,1.3495,2.45,0.6512,4.35,12-Sep-2021,14:32:48
12.3942,6.1,1.5,1291.1,1.3495,2.45,0.6512,4.35,12-Sep-2021,14:32:57
 12.3942,6.1,1.5,1291.1,1.3495,2.45,0.6512,4.35,12-Sep-2021,14:32:58
 12.3942,6.1,1.5,1291.1,1.3495,2.45,0.6512,4.35,12-Sep-2021,14:32:59
 12.3942,6.1,1.5,1291.1,1.3495,2.45,0.6512,4.35,12-Sep-2021,14:32:59
 12.3942,6.1,1.5,1291.1,1.3495,2.45,0.6512,4.35,12-Sep-2021,14:33:00
 12.3942,6.1,1.5,1291.1,1.3495,2.45,0.6512,4.35,12-Sep-2021,14:33:00
 12.3942,6.1,1.5,1291.1,1.3495,2.45,0.6512,4.35,12-Sep-2021,14:33:01
12.3942,6.1,1.5,1291.1,1.3495,2.45,0.6512,4.35,12-Sep-2021,14:34:43
12.3942,6.1,1.5,1291.1,1.3495,2.45,0.6512,4.35,12-Sep-2021,14:48:01
 12.3942,6.1,1.5,1291.1,1.3495,2.45,0.6512,4.35,12-Sep-2021,14:48:01
12.3942,6.1,1.5,1291.1,1.3495,2.45,0.6512,4.35,12-Sep-2021,14:48:14
 12.3942,6.1,1.5,1291.1,1.3495,2.45,0.6512,4.35,12-Sep-2021,14:48:15
 12.3942,6.1,1.5,1291.1,1.3495,2.45,0.6512,4.35,12-Sep-2021,14:48:15
12.3942,6.1,1.5,1291.1,1.3495,2.45,0.6512,4.35,12-Sep-2021,18:50:02
 12.3942,6.1,1.5,1291.1,1.3495,2.45,0.6512,4.35,12-Sep-2021,18:51:19
 12.3942,6.1,1.5,1291.1,1.3495,2.45,0.6512,4.35,12-Sep-2021,18:51:29
 12.3942,6.1,1.5,1291.1,1.3495,2.45,0.6512,4.35,12-Sep-2021,18:51:34
 12.3942,6.1,1.5,1291.1,1.3495,2.45,0.6512,4.35,12-Sep-2021,18:51:39
12.3942,6.1,1.5,1291.1,1.3495,2.45,0.6512,4.35,12-Sep-2021,19:21:02
 12.3942,6.1,1.5,1291.1,1.3495,2.45,0.6512,4.35,12-Sep-2021,19:21:03
 12.3942,6.1,1.5,1291.1,1.3495,2.45,0.6512,4.35,12-Sep-2021,19:21:14
 12.3942,6.1,1.5,1291.1,1.3495,2.45,0.6512,4.35,12-Sep-2021,19:21:25
 12.3942,6.1,1.5,1291.1,1.3495,2.45,0.6512,4.35,12-Sep-2021,19:21:27
 12.3942,6.1,1.5,1291.1,1.3495,2.45,0.6512,4.35,12-Sep-2021,19:21:32
 12.3942,6.1,1.5,1291.1,1.3495,2.45,0.6512,4.35,12-Sep-2021,19:21:38
 12.3942,6.1,1.5,1291.1,1.3495,2.45,0.6512,4.35,12-Sep-2021,19:21:54
 12.3942,6.1,1.5,1291.1,1.3495,2.45,0.6512,4.35,12-Sep-2021,19:21:59
12.3942,6.1,1.5,1291.1,1.3495,2.45,0.6512,4.35,12-Sep-2021,19:24:15
 12.3942,6.1,1.5,1291.1,1.3495,2.45,0.6512,4.35,12-Sep-2021,19:24:20
 12.3942,6.1,1.5,1291.1,1.3495,2.45,0.6512,4.35,12-Sep-2021,19:24:30
 12.3942,6.1,1.5,1291.1,1.3495,2.45,0.6512,4.35,12-Sep-2021,19:24:45
 12.3942,6.1,1.5,1291.1,1.3495,2.45,0.6512,4.35,12-Sep-2021,19:25:12
 12.3942,6.1,1.5,1291.1,1.3495,2.45,0.6512,4.35,12-Sep-2021,19:25:19
 12.3942,6.1,1.5,1291.1,1.3495,2.45,0.6512,4.35,12-Sep-2021,19:25:29
 12.3942,6.1,1.5,1291.1,1.3495,2.45,0.6512,4.35,12-Sep-2021,19:25:36
 12.3942,6.1,1.5,1291.1,1.3495,2.45,0.6512,4.35,12-Sep-2021,19:25:39
 12.3942,6.1,1.5,1291.1,1.3495,2.45,0.6512,4.35,12-Sep-2021,19:25:40
 12.3942,6.1,1.5,1291.1,1.3495,2.45,0.6512,4.35,12-Sep-2021,19:25:41
 12.3942,6.1,1.5,1291.1,1.3495,2.45,0.6512,4.35,12-Sep-2021,19:25:42
 12.3942,6.1,1.5,1291.1,1.3495,2.45,0.6512,4.35,12-Sep-2021,19:25:44
12.3942,6.1,1.5,1291.1,1.3495,2.45,0.6512,4.35,12-Sep-2021,19:27:37
 12.3942,6.1,1.5,1291.1,1.3495,2.45,0.6512,4.35,12-Sep-2021,19:27:39
 12.3942,6.1,1.5,1291.1,1.3495,2.45,0.6512,4.35,12-Sep-2021,19:27:41
 12.3942,6.1,1.5,1291.1,1.3495,2.45,0.6512,4.35,12-Sep-2021,19:27:43
 12.3942,6.1,1.5,1291.1,1.3495,2.45,0.6512,4.35,12-Sep-2021,19:27:45
 12.3942,6.1,1.5,1291.1,1.3495,2.45,0.6512,4.35,12-Sep-2021,19:27:46
 12.3942,6.1,1.5,1291.1,1.3495,2.45,0.6512,4.35,12-Sep-2021,19:27:46
 12.3942,6.1,1.5,1291.1,1.3495,2.45,0.6512,4.35,12-Sep-2021,19:27:47
 12.3942,6.1,1.5,1291.1,1.3495,2.45,0.6512,4.35,12-Sep-2021,19:27:47
 12.3942,6.1,1.5,1291.1,1.3495,2.45,0.6512,4.35,12-Sep-2021,19:27:47
 12.3942,6.1,1.5,1291.1,1.3495,2.45,0.6512,4.35,12-Sep-2021,19:27:47
 12.3942,6.1,1.5,1291.1,1.3495,2.45,0.6512,4.35,12-Sep-2021,19:27:47
 12.3942,6.1,1.5,1291.1,1.3495,2.45,0.6512,4.35,12-Sep-2021,19:27:48
 12.3942,6.1,1.5,1291.1,1.3495,2.45,0.6512,4.35,12-Sep-2021,19:27:48
 12.3942,6.1,1.5,1291.1,1.3495,2.45,0.6512,4.35,12-Sep-2021,19:27:49
 12.3942,6.1,1.5,1291.1,1.3495,2.45,0.6512,4.35,12-Sep-2021,19:27:49
 12.3942,6.1,1.5,1291.1,1.3495,2.45,0.6512,4.35,12-Sep-2021,19:27:49
 12.3942,6.1,1.5,1291.1,1.3495,2.45,0.6512,4.35,12-Sep-2021,19:27:50
 12.3942,6.1,1.5,1291.1,1.3495,2.45,0.6512,4.35,12-Sep-2021,19:27:50
 12.3942,6.1,1.5,1291.1,1.3495,2.45,0.6512,4.35,12-Sep-2021,19:27:51
 12.3942,6.1,1.5,1291.1,1.3495,2.45,0.6512,4.35,12-Sep-2021,19:27:51
 12.3942,6.1,1.5,1291.1,1.3495,2.45,0.6512,4.35,12-Sep-2021,19:27:51
 12.3942,6.1,1.5,1291.1,1.3495,2.45,0.6512,4.35,12-Sep-2021,19:27:51
 12.3942,6.1,1.5,1291.1,1.3495,2.45,0.6512,4.35,12-Sep-2021,19:27:52
 12.3942,6.1,1.5,1291.1,1.3495,2.45,0.6512,4.35,12-Sep-2021,19:27:52
 12.3942,6.1,1.5,1291.1,1.3495,2.45,0.6512,4.35,12-Sep-2021,19:27:52
 12.3942,6.1,1.5,1291.1,1.3495,2.45,0.6512,4.35,12-Sep-2021,19:27:52
 12.3942,6.1,1.5,1291.1,1.3495,2.45,0.6512,4.35,12-Sep-2021,19:27:57
12.3942,6.1,1.5,1291.1,1.3495,2.45,0.6512,4.35,12-Sep-2021,19:32:30
 12.3942,6.1,1.5,1291.1,1.3495,2.45,0.6512,4.35,12-Sep-2021,19:32:33
 12.3942,6.1,1.5,1291.1,1.3495,2.45,0.6512,4.35,12-Sep-2021,19:32:35
 12.3942,6.1,1.5,1291.1,1.3495,2.45,0.6512,4.35,12-Sep-2021,19:32:37
 12.3942,6.1,1.5,1291.1,1.3495,2.45,0.6512,4.35,12-Sep-2021,19:32:37
 12.3942,6.1,1.5,1291.1,1.3495,2.45,0.6512,4.35,12-Sep-2021,19:32:38
 12.3942,6.1,1.5,1291.1,1.3495,2.45,0.6512,4.35,12-Sep-2021,19:32:40
 12.3942,6.1,1.5,1291.1,1.3495,2.45,0.6512,4.35,12-Sep-2021,19:32:40
 12.3942,6.1,1.5,1291.1,1.3495,2.45,0.6512,4.35,12-Sep-2021,19:32:41
 12.3942,6.1,1.5,1291.1,1.3495,2.45,0.6512,4.35,12-Sep-2021,19:32:41
 12.3942,6.1,1.5,1291.1,1.3495,2.45,0.6512,4.35,12-Sep-2021,19:32:42
 12.3942,6.1,1.5,1291.1,1.3495,2.45,0.6512,4.35,12-Sep-2021,19:32:42
 12.3942,6.1,1.5,1291.1,1.3495,2.45,0.6512,4.35,12-Sep-2021,19:32:43
 12.3942,6.1,1.5,1291.1,1.3495,2.45,0.6512,4.35,12-Sep-2021,19:32:43
 12.3942,6.1,1.5,1291.1,1.3495,2.45,0.6512,4.35,12-Sep-2021,19:32:44
12.3942,6.1,1.5,1291.1,1.3495,2.45,0.6512,4.35,12-Sep-2021,19:37:46
 12.3942,6.1,1.5,1291.1,1.3495,2.45,0.6512,4.35,12-Sep-2021,19:37:50
 12.3942,6.1,1.5,1291.1,1.3495,2.45,0.6512,4.35,12-Sep-2021,19:37:52
 12.3942,6.1,1.5,1291.1,1.3495,2.45,0.6512,4.35,12-Sep-2021,19:37:53
 12.3942,6.1,1.5,1291.1,1.3495,2.45,0.6512,4.35,12-Sep-2021,19:37:54
 12.3942,6.1,1.5,1291.1,1.3495,2.45,0.6512,4.35,12-Sep-2021,19:37:56
 12.3942,6.1,1.5,1291.1,1.3495,2.45,0.6512,4.35,12-Sep-2021,19:37:56
 12.3942,6.1,1.5,1291.1,1.3495,2.45,0.6512,4.35,12-Sep-2021,19:37:57
 12.3942,6.1,1.5,1291.1,1.3495,2.45,0.6512,4.35,12-Sep-2021,19:37:57
 12.3942,6.1,1.5,1291.1,1.3495,2.45,0.6512,4.35,12-Sep-2021,19:37:59
 12.3942,6.1,1.5,1291.1,1.3495,2.45,0.6512,4.35,12-Sep-2021,19:38:04
 12.3942,6.1,1.5,1291.1,1.3495,2.45,0.6512,4.35,12-Sep-2021,19:38:05
 12.3942,6.1,1.5,1291.1,1.3495,2.45,0.6512,4.35,12-Sep-2021,19:38:06
 12.3942,6.1,1.5,1291.1,1.3495,2.45,0.6512,4.35,12-Sep-2021,19:38:07
 12.3942,6.1,1.5,1291.1,1.3495,2.45,0.6512,4.35,12-Sep-2021,19:38:07
 12.3942,6.1,1.5,1291.1,1.3495,2.45,0.6512,4.35,12-Sep-2021,19:38:08
 12.3942,6.1,1.5,1291.1,1.3495,2.45,0.6512,4.35,12-Sep-2021,19:38:09
 12.3942,6.1,1.5,1291.1,1.3495,2.45,0.6512,4.35,12-Sep-2021,19:38:10
12.3942,6.1,1.5,1291.1,1.3495,2.45,0.6512,4.35,12-Sep-2021,19:40:50
 12.3942,6.1,1.5,1291.1,1.3495,2.45,0.6512,4.35,12-Sep-2021,19:40:51
 12.3942,6.1,1.5,1291.1,1.3495,2.45,0.6512,4.35,12-Sep-2021,19:40:54
 12.3942,6.1,1.5,1291.1,1.3495,2.45,0.6512,4.35,12-Sep-2021,19:40:54
 12.3942,6.1,1.5,1291.1,1.3495,2.45,0.6512,4.35,12-Sep-2021,19:40:56
 12.3942,6.1,1.5,1291.1,1.3495,2.45,0.6512,4.35,12-Sep-2021,19:40:56
 12.3942,6.1,1.5,1291.1,1.3495,2.45,0.6512,4.35,12-Sep-2021,19:40:57
 12.3942,6.1,1.5,1291.1,1.3495,2.45,0.6512,4.35,12-Sep-2021,19:40:58
 12.3942,6.1,1.5,1291.1,1.3495,2.45,0.6512,4.35,12-Sep-2021,19:40:59
12.3942,6.1,1.5,1291.1,1.3495,2.45,0.6512,4.35,12-Sep-2021,19:43:05
 12.3942,6.1,1.5,1291.1,1.3495,2.45,0.6512,4.35,12-Sep-2021,19:43:09
 12.3942,6.1,1.5,1291.1,1.3495,2.45,0.6512,4.35,12-Sep-2021,19:43:10
 12.3942,6.1,1.5,1291.1,1.3495,2.45,0.6512,4.35,12-Sep-2021,19:43:11
 12.3942,6.1,1.5,1291.1,1.3495,2.45,0.6512,4.35,12-Sep-2021,19:43:11
 12.3942,6.1,1.5,1291.1,1.3495,2.45,0.6512,4.35,12-Sep-2021,19:43:12
 12.3942,6.1,1.5,1291.1,1.3495,2.45,0.6512,4.35,12-Sep-2021,19:43:13
 12.3942,6.1,1.5,1291.1,1.3495,2.45,0.6512,4.35,12-Sep-2021,19:43:13
 12.3942,6.1,1.5,1291.1,1.3495,2.45,0.6512,4.35,12-Sep-2021,19:43:14
 12.3942,6.1,1.5,1291.1,1.3495,2.45,0.6512,4.35,12-Sep-2021,19:43:16
 12.3942,6.1,1.5,1291.1,1.3495,2.45,0.6512,4.35,12-Sep-2021,19:43:18
 12.3942,6.1,1.5,1291.1,1.3495,2.45,0.6512,4.35,12-Sep-2021,19:43:18
 12.3942,6.1,1.5,1291.1,1.3495,2.45,0.6512,4.35,12-Sep-2021,19:43:19
 12.3942,6.1,1.5,1291.1,1.3495,2.45,0.6512,4.35,12-Sep-2021,19:43:20
 12.3942,6.1,1.5,1291.1,1.3495,2.45,0.6512,4.35,12-Sep-2021,19:43:21
 12.3942,6.1,1.5,1291.1,1.3495,2.45,0.6512,4.35,12-Sep-2021,19:43:22
 12.3942,6.1,1.5,1291.1,1.3495,2.45,0.6512,4.35,12-Sep-2021,19:43:23
 12.3942,6.1,1.5,1291.1,1.3495,2.45,0.6512,4.35,12-Sep-2021,19:43:23
 12.3942,6.1,1.5,1291.1,1.3495,2.45,0.6512,4.35,12-Sep-2021,19:43:25
 12.3942,6.1,1.5,1291.1,1.3495,2.45,0.6512,4.35,12-Sep-2021,19:43:28
 12.3942,6.1,1.5,1291.1,1.3495,2.45,0.6512,4.35,12-Sep-2021,19:43:29
 12.3942,6.1,1.5,1291.1,1.3495,2.45,0.6512,4.35,12-Sep-2021,19:43:29
 12.3942,6.1,1.5,1291.1,1.3495,2.45,0.6512,4.35,12-Sep-2021,19:43:30
 12.3942,6.1,1.5,1291.1,1.3495,2.45,0.6512,4.35,12-Sep-2021,19:43:31
 12.3942,6.1,1.5,1291.1,1.3495,2.45,0.6512,4.35,12-Sep-2021,19:43:32
 12.3942,6.1,1.5,1291.1,1.3495,2.45,0.6512,4.35,12-Sep-2021,19:43:33
 12.3942,6.1,1.5,1291.1,1.3495,2.45,0.6512,4.35,12-Sep-2021,19:43:36
 12.3942,6.1,1.5,1291.1,1.3495,2.45,0.6512,4.35,12-Sep-2021,19:43:37
12.3942,6.1,1.5,1291.1,1.3495,2.45,0.6512,4.35,12-Sep-2021,19:56:46
 12.3942,6.1,1.5,1291.1,1.3495,2.45,0.6512,4.35,12-Sep-2021,19:56:49
 12.3942,6.1,1.5,1291.1,1.3495,2.45,0.6512,4.35,12-Sep-2021,19:56:49
 12.3942,6.1,1.5,1291.1,1.3495,2.45,0.6512,4.35,12-Sep-2021,19:56:51
 12.3942,6.1,1.5,1291.1,1.3495,2.45,0.6512,4.35,12-Sep-2021,19:56:51
 12.3942,6.1,1.5,1291.1,1.3495,2.45,0.6512,4.35,12-Sep-2021,19:56:55
 12.3942,6.1,1.5,1291.1,1.3495,2.45,0.6512,4.35,12-Sep-2021,19:56:56
 12.3942,6.1,1.5,1291.1,1.3495,2.45,0.6512,4.35,12-Sep-2021,19:56:57
 12.3942,6.1,1.5,1291.1,1.3495,2.45,0.6512,4.35,12-Sep-2021,19:56:58
 12.3942,6.1,1.5,1291.1,1.3495,2.45,0.6512,4.35,12-Sep-2021,19:56:59
 12.3942,6.1,1.5,1291.1,1.3495,2.45,0.6512,4.35,12-Sep-2021,19:56:59
 12.3942,6.1,1.5,1291.1,1.3495,2.45,0.6512,4.35,12-Sep-2021,19:56:59
 12.3942,6.1,1.5,1291.1,1.3495,2.45,0.6512,4.35,12-Sep-2021,19:57:00
 12.3942,6.1,1.5,1291.1,1.3495,2.45,0.6512,4.35,12-Sep-2021,19:57:01
 12.3942,6.1,1.5,1291.1,1.3495,2.45,0.6512,4.35,12-Sep-2021,19:57:01
 12.3942,6.1,1.5,1291.1,1.3495,2.45,0.6512,4.35,12-Sep-2021,19:57:01
 12.3942,6.1,1.5,1291.1,1.3495,2.45,0.6512,4.35,12-Sep-2021,19:57:01
12.3942,6.1,1.5,1291.1,1.3495,2.45,0.6512,4.35,13-Sep-2021,16:32:35
12.3942,6.1,1.5,1291.1,1.3495,2.45,0.6512,4.35,13-Sep-2021,16:36:06
12.3942,6.1,1.5,1291.1,1.3495,2.45,0.6512,4.35,13-Sep-2021,16:37:04
12.3942,6.1,1.5,1291.1,1.3495,2.45,0.6512,4.35,13-Sep-2021,16:41:45
 12.3942,6.1,1.5,1291.1,1.3495,2.45,0.6512,4.35,13-Sep-2021,16:41:50
 12.3942,6.1,1.5,1291.1,1.3495,2.45,0.6512,4.35,13-Sep-2021,16:41:51
 12.3942,6.1,1.5,1291.1,1.3495,2.45,0.6512,4.35,13-Sep-2021,16:41:52
 12.3942,6.1,1.5,1291.1,1.3495,2.45,0.6512,4.35,13-Sep-2021,16:41:53
 12.3942,6.1,1.5,1291.1,1.3495,2.45,0.6512,4.35,13-Sep-2021,16:41:53
 12.3942,6.1,1.5,1291.1,1.3495,2.45,0.6512,4.35,13-Sep-2021,16:41:54
 12.3942,6.1,1.5,1291.1,1.3495,2.45,0.6512,4.35,13-Sep-2021,16:41:55
 12.3942,6.1,1.5,1291.1,1.3495,2.45,0.6512,4.35,13-Sep-2021,16:41:56
 12.3942,6.1,1.5,1291.1,1.3495,2.45,0.6512,4.35,13-Sep-2021,16:41:57
 12.3942,6.1,1.5,1291.1,1.3495,2.45,0.6512,4.35,13-Sep-2021,16:41:58
 12.3942,6.1,1.5,1291.1,1.3495,2.45,0.6512,4.35,13-Sep-2021,16:41:59
 12.3942,6.1,1.5,1291.1,1.3495,2.45,0.6512,4.35,13-Sep-2021,16:41:59
 12.3942,6.1,1.5,1291.1,1.3495,2.45,0.6512,4.35,13-Sep-2021,16:41:59
 12.3942,6.1,1.5,1291.1,1.3495,2.45,0.6512,4.35,13-Sep-2021,16:42:00
 12.3942,6.1,1.5,1291.1,1.3495,2.45,0.6512,4.35,13-Sep-2021,16:42:00
 12.3942,6.1,1.5,1291.1,1.3495,2.45,0.6512,4.35,13-Sep-2021,16:42:00
 12.3942,6.1,1.5,1291.1,1.3495,2.45,0.6512,4.35,13-Sep-2021,16:42:00
 12.3942,6.1,1.5,1291.1,1.3495,2.45,0.6512,4.35,13-Sep-2021,16:42:01
 12.3942,6.1,1.5,1291.1,1.3495,2.45,0.6512,4.35,13-Sep-2021,16:42:01
 12.3942,6.1,1.5,1291.1,1.3495,2.45,0.6512,4.35,13-Sep-2021,16:42:01
 12.3942,6.1,1.5,1291.1,1.3495,2.45,0.6512,4.35,13-Sep-2021,16:42:01
 12.3942,6.1,1.5,1291.1,1.3495,2.45,0.6512,4.35,13-Sep-2021,16:42:02
 12.3942,6.1,1.5,1291.1,1.3495,2.45,0.6512,4.35,13-Sep-2021,16:42:02
 12.3942,6.1,1.5,1291.1,1.3495,2.45,0.6512,4.35,13-Sep-2021,16:42:03
 12.3942,6.1,1.5,1291.1,1.3495,2.45,0.6512,4.35,13-Sep-2021,16:42:03
 12.3942,6.1,1.5,1291.1,1.3495,2.45,0.6512,4.35,13-Sep-2021,16:42:03
 12.3942,6.1,1.5,1291.1,1.3495,2.45,0.6512,4.35,13-Sep-2021,16:42:04
 12.3942,6.1,1.5,1291.1,1.3495,2.45,0.6512,4.35,13-Sep-2021,16:42:04
 12.3942,6.1,1.5,1291.1,1.3495,2.45,0.6512,4.35,13-Sep-2021,16:42:04
 12.3942,6.1,1.5,1291.1,1.3495,2.45,0.6512,4.35,13-Sep-2021,16:42:04
 12.3942,6.1,1.5,1291.1,1.3495,2.45,0.6512,4.35,13-Sep-2021,16:42:05
 12.3942,6.1,1.5,1291.1,1.3495,2.45,0.6512,4.35,13-Sep-2021,16:42:05
 12.3942,6.1,1.5,1291.1,1.3495,2.45,0.6512,4.35,13-Sep-2021,16:42:05
 12.3942,6.1,1.5,1291.1,1.3495,2.45,0.6512,4.35,13-Sep-2021,16:42:05
 12.3942,6.1,1.5,1291.1,1.3495,2.45,0.6512,4.35,13-Sep-2021,16:42:06
 12.3942,6.1,1.5,1291.1,1.3495,2.45,0.6512,4.35,13-Sep-2021,16:42:06
 12.3942,6.1,1.5,1291.1,1.3495,2.45,0.6512,4.35,13-Sep-2021,16:42:06
 12.3942,6.1,1.5,1291.1,1.3495,2.45,0.6512,4.35,13-Sep-2021,16:42:06
 12.3942,6.1,1.5,1291.1,1.3495,2.45,0.6512,4.35,13-Sep-2021,16:42:07
 12.3942,6.1,1.5,1291.1,1.3495,2.45,0.6512,4.35,13-Sep-2021,16:42:07
 12.3942,6.1,1.5,1291.1,1.3495,2.45,0.6512,4.35,13-Sep-2021,16:42:07
 12.3942,6.1,1.5,1291.1,1.3495,2.45,0.6512,4.35,13-Sep-2021,16:42:08
 12.3942,6.1,1.5,1291.1,1.3495,2.45,0.6512,4.35,13-Sep-2021,16:42:08
 12.3942,6.1,1.5,1291.1,1.3495,2.45,0.6512,4.35,13-Sep-2021,16:42:08
 12.3942,6.1,1.5,1291.1,1.3495,2.45,0.6512,4.35,13-Sep-2021,16:42:08
 12.3942,6.1,1.5,1291.1,1.3495,2.45,0.6512,4.35,13-Sep-2021,16:42:09
 12.3942,6.1,1.5,1291.1,1.3495,2.45,0.6512,4.35,13-Sep-2021,16:42:09
 12.3942,6.1,1.5,1291.1,1.3495,2.45,0.6512,4.35,13-Sep-2021,16:42:09
 12.3942,6.1,1.5,1291.1,1.3495,2.45,0.6512,4.35,13-Sep-2021,16:42:10
 12.3942,6.1,1.5,1291.1,1.3495,2.45,0.6512,4.35,13-Sep-2021,16:42:10
 12.3942,6.1,1.5,1291.1,1.3495,2.45,0.6512,4.35,13-Sep-2021,16:42:10
 12.3942,6.1,1.5,1291.1,1.3495,2.45,0.6512,4.35,13-Sep-2021,16:42:10
 12.3942,6.1,1.5,1291.1,1.3495,2.45,0.6512,4.35,13-Sep-2021,16:42:11
 12.3942,6.1,1.5,1291.1,1.3495,2.45,0.6512,4.35,13-Sep-2021,16:42:11
 12.3942,6.1,1.5,1291.1,1.3495,2.45,0.6512,4.35,13-Sep-2021,16:42:11
12.3942,6.1,1.5,1291.1,1.3495,2.45,0.6512,4.35,13-Sep-2021,16:42:35
 12.3942,6.1,1.5,1291.1,1.3495,2.45,0.6512,4.35,13-Sep-2021,16:42:36
 12.3942,6.1,1.5,1291.1,1.3495,2.45,0.6512,4.35,13-Sep-2021,16:42:36
 12.3942,6.1,1.5,1291.1,1.3495,2.45,0.6512,4.35,13-Sep-2021,16:42:36
 12.3942,6.1,1.5,1291.1,1.3495,2.45,0.6512,4.35,13-Sep-2021,16:42:37
 12.3942,6.1,1.5,1291.1,1.3495,2.45,0.6512,4.35,13-Sep-2021,16:42:37
 12.3942,6.1,1.5,1291.1,1.3495,2.45,0.6512,4.35,13-Sep-2021,16:42:37
 12.3942,6.1,1.5,1291.1,1.3495,2.45,0.6512,4.35,13-Sep-2021,16:42:37
 12.3942,6.1,1.5,1291.1,1.3495,2.45,0.6512,4.35,13-Sep-2021,16:42:37
 12.3942,6.1,1.5,1291.1,1.3495,2.45,0.6512,4.35,13-Sep-2021,16:42:47
 12.3942,6.1,1.5,1291.1,1.3495,2.45,0.6512,4.35,13-Sep-2021,16:42:48
 12.3942,6.1,1.5,1291.1,1.3495,2.45,0.6512,4.35,13-Sep-2021,16:42:49
 12.3942,6.1,1.5,1291.1,1.3495,2.45,0.6512,4.35,13-Sep-2021,16:42:49
 12.3942,6.1,1.5,1291.1,1.3495,2.45,0.6512,4.35,13-Sep-2021,16:42:49
 12.3942,6.1,1.5,1291.1,1.3495,2.45,0.6512,4.35,13-Sep-2021,16:42:49
 12.3942,6.1,1.5,1291.1,1.3495,2.45,0.6512,4.35,13-Sep-2021,16:42:50
 12.3942,6.1,1.5,1291.1,1.3495,2.45,0.6512,4.35,13-Sep-2021,16:42:50
 12.3942,6.1,1.5,1291.1,1.3495,2.45,0.6512,4.35,13-Sep-2021,16:42:50
 12.3942,6.1,1.5,1291.1,1.3495,2.45,0.6512,4.35,13-Sep-2021,16:42:50
 12.3942,6.1,1.5,1291.1,1.3495,2.45,0.6512,4.35,13-Sep-2021,16:42:51
 12.3942,6.1,1.5,1291.1,1.3495,2.45,0.6512,4.35,13-Sep-2021,16:42:51
 12.3942,6.1,1.5,1291.1,1.3495,2.45,0.6512,4.35,13-Sep-2021,16:43:13
 12.3942,6.1,1.5,1291.1,1.3495,2.45,0.6512,4.35,13-Sep-2021,16:43:13
 12.3942,6.1,1.5,1291.1,1.3495,2.45,0.6512,4.35,13-Sep-2021,16:43:15
 12.3942,6.1,1.5,1291.1,1.3495,2.45,0.6512,4.35,13-Sep-2021,16:43:17
 12.3942,6.1,1.5,1291.1,1.3495,2.45,0.6512,4.35,13-Sep-2021,16:43:20
 12.3942,6.1,1.5,1291.1,1.3495,2.45,0.6512,4.35,13-Sep-2021,16:43:54
 12.3942,6.1,1.5,1291.1,1.3495,2.45,0.6512,4.35,13-Sep-2021,16:43:55
 12.3942,6.1,1.5,1291.1,1.3495,2.45,0.6512,4.35,13-Sep-2021,16:43:57
 12.3942,6.1,1.5,1291.1,1.3495,2.45,0.6512,4.35,13-Sep-2021,16:44:00
 12.3942,6.1,1.5,1291.1,1.3495,2.45,0.6512,4.35,13-Sep-2021,16:44:01
 12.3942,6.1,1.5,1291.1,1.3495,2.45,0.6512,4.35,13-Sep-2021,16:44:03
 12.3942,6.1,1.5,1291.1,1.3495,2.45,0.6512,4.35,13-Sep-2021,16:44:04
 12.3942,6.1,1.5,1291.1,1.3495,2.45,0.6512,4.35,13-Sep-2021,16:44:05
 12.3942,6.1,1.5,1291.1,1.3495,2.45,0.6512,4.35,13-Sep-2021,16:44:05
 12.3942,6.1,1.5,1291.1,1.3495,2.45,0.6512,4.35,13-Sep-2021,16:44:10
 12.3942,6.1,1.5,1291.1,1.3495,2.45,0.6512,4.35,13-Sep-2021,16:44:10
 12.3942,6.1,1.5,1291.1,1.3495,2.45,0.6512,4.35,13-Sep-2021,16:44:11
 12.3942,6.1,1.5,1291.1,1.3495,2.45,0.6512,4.35,13-Sep-2021,16:44:11
 12.3942,6.1,1.5,1291.1,1.3495,2.45,0.6512,4.35,13-Sep-2021,16:44:12
 12.3942,6.1,1.5,1291.1,1.3495,2.45,0.6512,4.35,13-Sep-2021,16:44:13
 12.3942,6.1,1.5,1291.1,1.3495,2.45,0.6512,4.35,13-Sep-2021,16:44:13
 12.3942,6.1,1.5,1291.1,1.3495,2.45,0.6512,4.35,13-Sep-2021,16:44:13
 12.3942,6.1,1.5,1291.1,1.3495,2.45,0.6512,4.35,13-Sep-2021,16:44:13
 12.3942,6.1,1.5,1291.1,1.3495,2.45,0.6512,4.35,13-Sep-2021,16:44:13
 12.3942,6.1,1.5,1291.1,1.3495,2.45,0.6512,4.35,13-Sep-2021,16:44:14
 12.3942,6.1,1.5,1291.1,1.3495,2.45,0.6512,4.35,13-Sep-2021,16:44:14
 12.3942,6.1,1.5,1291.1,1.3495,2.45,0.6512,4.35,13-Sep-2021,16:44:14
 12.3942,6.1,1.5,1291.1,1.3495,2.45,0.6512,4.35,13-Sep-2021,16:44:26
12.3942,6.1,1.5,1291.1,1.3495,2.45,0.6512,4.35,13-Sep-2021,16:45:54
 12.3942,6.1,1.5,1291.1,1.3495,2.45,0.6512,4.35,13-Sep-2021,16:45:56
 12.3942,6.1,1.5,1291.1,1.3495,2.45,0.6512,4.35,13-Sep-2021,16:45:56
 12.3942,6.1,1.5,1291.1,1.3495,2.45,0.6512,4.35,13-Sep-2021,16:45:57
 12.3942,6.1,1.5,1291.1,1.3495,2.45,0.6512,4.35,13-Sep-2021,16:45:57
 12.3942,6.1,1.5,1291.1,1.3495,2.45,0.6512,4.35,13-Sep-2021,16:45:58
 12.3942,6.1,1.5,1291.1,1.3495,2.45,0.6512,4.35,13-Sep-2021,16:45:58
 12.3942,6.1,1.5,1291.1,1.3495,2.45,0.6512,4.35,13-Sep-2021,16:45:58
 12.3942,6.1,1.5,1291.1,1.3495,2.45,0.6512,4.35,13-Sep-2021,16:45:58
 12.3942,6.1,1.5,1291.1,1.3495,2.45,0.6512,4.35,13-Sep-2021,16:45:59
 12.3942,6.1,1.5,1291.1,1.3495,2.45,0.6512,4.35,13-Sep-2021,16:45:59
 12.3942,6.1,1.5,1291.1,1.3495,2.45,0.6512,4.35,13-Sep-2021,16:45:59
 12.3942,6.1,1.5,1291.1,1.3495,2.45,0.6512,4.35,13-Sep-2021,16:45:59
 12.3942,6.1,1.5,1291.1,1.3495,2.45,0.6512,4.35,13-Sep-2021,16:46:00
 12.3942,6.1,1.5,1291.1,1.3495,2.45,0.6512,4.35,13-Sep-2021,16:46:00
 12.3942,6.1,1.5,1291.1,1.3495,2.45,0.6512,4.35,13-Sep-2021,16:46:00
 12.3942,6.1,1.5,1291.1,1.3495,2.45,0.6512,4.35,13-Sep-2021,16:46:00
 12.3942,6.1,1.5,1291.1,1.3495,2.45,0.6512,4.35,13-Sep-2021,16:46:02
 12.3942,6.1,1.5,1291.1,1.3495,2.45,0.6512,4.35,13-Sep-2021,16:46:02
 12.3942,6.1,1.5,1291.1,1.3495,2.45,0.6512,4.35,13-Sep-2021,16:46:02
 12.3942,6.1,1.5,1291.1,1.3495,2.45,0.6512,4.35,13-Sep-2021,16:46:02
 12.3942,6.1,1.5,1291.1,1.3495,2.45,0.6512,4.35,13-Sep-2021,16:46:03
 12.3942,6.1,1.5,1291.1,1.3495,2.45,0.6512,4.35,13-Sep-2021,16:46:03
 12.3942,6.1,1.5,1291.1,1.3495,2.45,0.6512,4.35,13-Sep-2021,16:46:03
 12.3942,6.1,1.5,1291.1,1.3495,2.45,0.6512,4.35,13-Sep-2021,16:46:04
 12.3942,6.1,1.5,1291.1,1.3495,2.45,0.6512,4.35,13-Sep-2021,16:46:04
 12.3942,6.1,1.5,1291.1,1.3495,2.45,0.6512,4.35,13-Sep-2021,16:46:05
 12.3942,6.1,1.5,1291.1,1.3495,2.45,0.6512,4.35,13-Sep-2021,16:46:05
 12.3942,6.1,1.5,1291.1,1.3495,2.45,0.6512,4.35,13-Sep-2021,16:46:05
 12.3942,6.1,1.5,1291.1,1.3495,2.45,0.6512,4.35,13-Sep-2021,16:46:09
 12.3942,6.1,1.5,1291.1,1.3495,2.45,0.6512,4.35,13-Sep-2021,16:46:10
 12.3942,6.1,1.5,1291.1,1.3495,2.45,0.6512,4.35,13-Sep-2021,16:46:11
 12.3942,6.1,1.5,1291.1,1.3495,2.45,0.6512,4.35,13-Sep-2021,16:46:11
 12.3942,6.1,1.5,1291.1,1.3495,2.45,0.6512,4.35,13-Sep-2021,16:46:11
 12.3942,6.1,1.5,1291.1,1.3495,2.45,0.6512,4.35,13-Sep-2021,16:46:11
 12.3942,6.1,1.5,1291.1,1.3495,2.45,0.6512,4.35,13-Sep-2021,16:46:12
 12.3942,6.1,1.5,1291.1,1.3495,2.45,0.6512,4.35,13-Sep-2021,16:46:12
 12.3942,6.1,1.5,1291.1,1.3495,2.45,0.6512,4.35,13-Sep-2021,16:46:12
 12.3942,6.1,1.5,1291.1,1.3495,2.45,0.6512,4.35,13-Sep-2021,16:46:12
12.3942,6.1,1.5,1291.1,1.3495,2.45,0.6512,4.35,13-Sep-2021,16:49:38
12.3942,6.1,1.5,1291.1,1.3495,2.45,0.6512,4.35,13-Sep-2021,16:57:48
12.3942,6.1,1.5,1291.1,1.3495,2.45,0.6512,4.35,13-Sep-2021,17:00:51
12.3942,6.1,1.5,1291.1,1.3495,2.45,0.6512,4.35,13-Sep-2021,17:02:39
12.3942,6.1,1.5,1291.1,1.3495,2.45,0.6512,4.35,13-Sep-2021,17:09:00
 12.3942,6.1,1.5,1291.1,1.3495,2.45,0.6512,4.35,13-Sep-2021,17:09:06
12.3942,6.1,1.5,1291.1,1.3495,2.45,0.6512,4.35,13-Sep-2021,17:35:09
12.3942,6.1,1.5,1291.1,1.3495,2.45,0.6512,4.35,13-Sep-2021,17:37:07
 12.3942,6.1,1.5,1291.1,1.3495,2.45,0.6512,4.35,13-Sep-2021,17:37:10
 12.3942,6.1,1.5,1291.1,1.3495,2.45,0.6512,4.35,13-Sep-2021,17:37:21
 12.3942,6.1,1.5,1291.1,1.3495,2.45,0.6512,4.35,13-Sep-2021,17:37:22
 12.3942,6.1,1.5,1291.1,1.3495,2.45,0.6512,4.35,13-Sep-2021,17:37:25
12.3942,6.1,1.5,1291.1,1.3495,2.45,0.6512,4.35,13-Sep-2021,17:50:59
 12.3942,6.1,1.5,1291.1,1.3495,2.45,0.6512,4.35,13-Sep-2021,17:51:15
 12.3942,6.1,1.5,1291.1,1.3495,2.45,0.6512,4.35,13-Sep-2021,17:51:16
12.3942,6.1,1.5,1291.1,1.3495,2.45,0.6512,4.35,13-Sep-2021,18:48:26
12.3942,6.1,1.5,1291.1,1.3495,2.45,0.6512,4.35,13-Sep-2021,18:50:17
12.3942,6.1,1.5,1291.1,1.3495,2.45,0.6512,4.35,13-Sep-2021,18:52:25
12.3942,6.1,1.5,1291.1,1.3495,2.45,0.6512,4.35,13-Sep-2021,19:37:56
 12.3942,6.1,1.5,1291.1,1.3495,2.45,0.6512,4.35,13-Sep-2021,19:38:17
 12.3942,6.1,1.5,1291.1,1.3495,2.45,0.6512,4.35,13-Sep-2021,19:38:19
 12.3942,6.1,1.5,1291.1,1.3495,2.45,0.6512,4.35,13-Sep-2021,19:38:21
 12.3942,6.1,1.5,1291.1,1.3495,2.45,0.6512,4.35,13-Sep-2021,19:38:28
12.3942,6.1,1.5,1291.1,1.3495,2.45,0.6512,4.35,13-Sep-2021,19:50:19
 2,6.1,1.5,1291.1,1.3495,2.45,0.6512,4.35,13-Sep-2021,19:50:34
 2,6.1,1.5,1291.1,1.3495,2.45,0.6512,4.35,13-Sep-2021,19:50:40
 2,6.1,1.5,1291.1,1.3495,2.45,0.6512,4.35,13-Sep-2021,19:50:42
 2,6.1,1.5,1291.1,1.3495,2.45,0.6512,4.35,13-Sep-2021,19:50:44
 13,6.1,1.5,1291.1,1.3495,2.45,0.6512,4.35,13-Sep-2021,19:50:48
13,6.1,1.5,1291.1,1.3495,2.45,0.6512,4.35,13-Sep-2021,20:29:37
13,6.1,1.5,1291.1,1.3495,2.45,0.6512,4.35,13-Sep-2021,20:31:23
13,6.1,1.5,1291.1,1.3495,2.45,0.6512,4.35,14-Sep-2021,11:52:38
13,6.1,1.5,1291.1,1.3495,2.45,0.6512,4.35,14-Sep-2021,12:42:38
13,6.1,1.5,1291.1,1.3495,2.45,0.6512,4.35,14-Sep-2021,12:54:23
13,6.1,1.5,1291.1,1.3495,2.45,0.6512,4.35,14-Sep-2021,12:55:55
 13,6.1,1.5,1291.1,1.3495,2.45,0.6512,4.35,14-Sep-2021,12:56:02
 13,6.1,1.5,1291.1,1.3495,2.45,0.6512,4.35,14-Sep-2021,12:56:06
 13,6.1,1.5,1291.1,1.3495,2.45,0.6512,4.35,14-Sep-2021,12:56:10
 13,6.1,1.5,1291.1,1.3495,2.45,0.6512,4.35,14-Sep-2021,12:56:13
 12,6.1,1.5,1291.1,1.3495,2.45,0.6512,4.35,14-Sep-2021,12:56:23
 5,6.1,1.5,1291.1,1.3495,2.45,0.6512,4.35,14-Sep-2021,12:56:29
 9,6.1,1.5,1291.1,1.3495,2.45,0.6512,4.35,14-Sep-2021,12:56:34
 20,6.1,1.5,1291.1,1.3495,2.45,0.6512,4.35,14-Sep-2021,12:56:49
 200,6.1,1.5,1291.1,1.3495,2.45,0.6512,4.35,14-Sep-2021,12:57:41
 -1,6.1,1.5,1291.1,1.3495,2.45,0.6512,4.35,14-Sep-2021,12:57:51
-1,6.1,1.5,1291.1,1.3495,2.45,0.6512,4.35,14-Sep-2021,13:01:38
 20,6.1,1.5,1291.1,1.3495,2.45,0.6512,4.35,14-Sep-2021,13:01:44
 25,6.1,1.5,1291.1,1.3495,2.45,0.6512,4.35,14-Sep-2021,13:01:52
 2,6.1,1.5,1291.1,1.3495,2.45,0.6512,4.35,14-Sep-2021,13:01:57
 50,6.1,1.5,1291.1,1.3495,2.45,0.6512,4.35,14-Sep-2021,13:02:04
 0,6.1,1.5,1291.1,1.3495,2.45,0.6512,4.35,14-Sep-2021,13:02:11
 -10,6.1,1.5,1291.1,1.3495,2.45,0.6512,4.35,14-Sep-2021,13:03:31
 12,6.1,1.5,1291.1,1.3495,2.45,0.6512,4.35,14-Sep-2021,13:03:38
 70,6.1,1.5,1291.1,1.3495,2.45,0.6512,4.35,14-Sep-2021,13:04:07
 70,6.1,1.5,1291.1,1.3495,2.45,0.6512,4.35,14-Sep-2021,13:04:31
70,6.1,1.5,1291.1,1.3495,2.45,0.6512,4.35,14-Sep-2021,13:04:43
 70,6.1,1.5,1291.1,1.3495,2.45,0.6512,4.35,14-Sep-2021,13:04:45
 5,6.1,1.5,1291.1,1.3495,2.45,0.6512,4.35,14-Sep-2021,13:04:54
5,6.1,1.5,1291.1,1.3495,2.45,0.6512,4.35,14-Sep-2021,13:17:05
 5,6.1,1.5,1291.1,1.3495,2.45,0.6512,4.35,14-Sep-2021,13:17:11
 5,6.1,1.5,1291.1,1.3495,2.45,0.6512,4.35,14-Sep-2021,13:17:13
5,6.1,1.5,1291.1,1.3495,2.45,0.6512,4.35,14-Sep-2021,13:18:14
5,6.1,1.5,1291.1,1.3495,2.45,0.6512,4.35,14-Sep-2021,13:20:19
 5,6.1,1.5,1291.1,1.3495,2.45,0.6512,4.35,14-Sep-2021,13:20:22
 5,6.1,1.5,1291.1,1.3495,2.45,0.6512,4.35,14-Sep-2021,13:20:31
 1,6.1,1.5,1291.1,1.3495,2.45,0.6512,4.35,14-Sep-2021,13:20:35
 12,6.1,1.5,1291.1,1.3495,2.45,0.6512,4.35,14-Sep-2021,13:21:34
12,6.1,1.5,1291.1,1.3495,2.45,0.6512,4.35,14-Sep-2021,13:26:48
12,6.1,1.5,1291.1,1.3495,2.45,0.6512,4.35,14-Sep-2021,13:28:02
12,6.1,1.5,1291.1,1.3495,2.45,0.6512,4.35,14-Sep-2021,13:36:58
12,6.1,1.5,1291.1,1.3495,2.45,0.6512,4.35,14-Sep-2021,13:38:56
 12,6.1,1.5,1291.1,1.3495,2.45,0.6512,4.35,14-Sep-2021,13:39:03
 11,6.1,1.5,1291.1,1.3495,2.45,0.6512,4.35,14-Sep-2021,13:39:12
 -1,6.1,1.5,1291.1,1.3495,2.45,0.6512,4.35,14-Sep-2021,13:39:18
 -5,6.1,1.5,1291.1,1.3495,2.45,0.6512,4.35,14-Sep-2021,13:39:46
 20,6.1,1.5,1291.1,1.3495,2.45,0.6512,4.35,14-Sep-2021,13:39:57
120,6.1,1.5,1291.1,1.3495,2.45,0.6512,4.35,14-Sep-2021,13:40:28
 120,6.1,1.5,1291.1,1.3495,2.45,0.6512,4.35,14-Sep-2021,13:40:31
 1,6.1,1.5,1291.1,1.3495,2.45,0.6512,4.35,14-Sep-2021,13:40:40
 34,6.1,1.5,1291.1,1.3495,2.45,0.6512,4.35,14-Sep-2021,13:40:50
34,6.1,1.5,1291.1,1.3495,2.45,0.6512,4.35,14-Sep-2021,13:42:23
 95,6.1,1.5,1291.1,1.3495,2.45,0.6512,4.35,14-Sep-2021,13:42:30
 -1,6.1,1.5,1291.1,1.3495,2.45,0.6512,4.35,14-Sep-2021,13:42:38
 14,6.1,1.5,1291.1,1.3495,2.45,0.6512,4.35,14-Sep-2021,13:42:43
14,6.1,1.5,1291.1,1.3495,2.45,0.6512,4.35,14-Sep-2021,13:42:49
14,6.1,1.5,1291.1,1.3495,2.45,0.6512,4.35,14-Sep-2021,13:42:57
 4,6.1,1.5,1291.1,1.3495,2.45,0.6512,4.35,14-Sep-2021,13:43:01
0,6.1,1.5,1291.1,1.3495,2.45,0.6512,4.35,14-Sep-2021,13:43:14
0,6.1,1.5,1291.1,1.3495,2.45,0.6512,4.35,14-Sep-2021,13:45:16
 0,6.1,1.5,1291.1,1.3495,2.45,0.6512,4.35,14-Sep-2021,13:45:22
 0,6.1,1.5,1291.1,1.3495,2.45,0.6512,4.35,14-Sep-2021,13:45:36
0,6.1,1.5,1291.1,1.3495,2.45,0.6512,4.35,14-Sep-2021,13:47:30
0,6.1,1.5,1291.1,1.3495,2.45,0.6512,4.35,14-Sep-2021,14:02:26
0,6.1,1.5,1291.1,1.3495,2.45,0.6512,4.35,14-Sep-2021,14:03:56
 0,6.1,1.5,1291.1,1.3495,2.45,0.6512,4.35,14-Sep-2021,14:04:15
0,6.1,1.5,1291.1,1.3495,2.45,0.6512,4.35,14-Sep-2021,14:07:56
 12,6.1,1.5,1291.1,1.3495,2.45,0.6512,4.35,14-Sep-2021,14:08:04
12,6.1,1.5,1291.1,1.3495,2.45,0.6512,4.35,14-Sep-2021,14:10:46
 12,6.1,1.5,1291.1,1.3495,2.45,0.6512,4.35,14-Sep-2021,14:10:50
12,6.1,1.5,1291.1,1.3495,2.45,0.6512,4.35,14-Sep-2021,14:11:12
 15,6.1,1.5,1291.1,1.3495,2.45,0.6512,4.35,14-Sep-2021,14:11:17
15,6.1,1.5,1291.1,1.3495,2.45,0.6512,4.35,14-Sep-2021,14:12:51
 15,6.1,1.5,1291.1,1.3495,2.45,0.6512,4.35,14-Sep-2021,14:12:58
15,6.1,1.5,1291.1,1.3495,2.45,0.6512,4.35,14-Sep-2021,14:15:17
 2,6.1,1.5,1291.1,1.3495,2.45,0.6512,4.35,14-Sep-2021,14:15:22
2,6.1,1.5,1291.1,1.3495,2.45,0.6512,4.35,14-Sep-2021,14:17:05
 13,6.1,1.5,1291.1,1.3495,2.45,0.6512,4.35,14-Sep-2021,14:17:11
13,6.1,1.5,1291.1,1.3495,2.45,0.6512,4.35,14-Sep-2021,14:22:37
 13,6.1,1.5,1291.1,1.3495,2.45,0.6512,4.35,14-Sep-2021,14:22:39
13,6.1,1.5,1291.1,1.3495,2.45,0.6512,4.35,14-Sep-2021,14:23:15
 12,6.1,1.5,1291.1,1.3495,2.45,0.6512,4.35,14-Sep-2021,14:23:20
12,6.1,1.5,1291.1,1.3495,2.45,0.6512,4.35,14-Sep-2021,14:53:02
 12,6.1,1.5,1291.1,1.3495,2.45,0.6512,4.35,14-Sep-2021,14:53:05
 12,6.1,1.5,1291.1,1.3495,2.45,0.6512,4.35,14-Sep-2021,14:53:10
 12,6.1,1.5,1291.1,1.3495,2.45,0.6512,4.35,14-Sep-2021,14:53:12
 5,6.1,1.5,1291.1,1.3495,2.45,0.6512,4.35,14-Sep-2021,14:53:17
 -5,6.1,1.5,1291.1,1.3495,2.45,0.6512,4.35,14-Sep-2021,14:53:25
 20,6.1,1.5,1291.1,1.3495,2.45,0.6512,4.35,14-Sep-2021,14:53:32
34,6.1,1.5,1291.1,1.3495,2.45,0.6512,4.35,14-Sep-2021,14:53:51
34,6.1,1.5,1291.1,1.3495,2.45,0.6512,4.35,14-Sep-2021,14:55:12
 5,6.1,1.5,1291.1,1.3495,2.45,0.6512,4.35,14-Sep-2021,14:55:20
 8,6.1,1.5,1291.1,1.3495,2.45,0.6512,4.35,14-Sep-2021,14:55:34
 20,6.1,1.5,1291.1,1.3495,2.45,0.6512,4.35,14-Sep-2021,14:55:41
 -5,6.1,1.5,1291.1,1.3495,2.45,0.6512,4.35,14-Sep-2021,14:55:48
 -30,6.1,1.5,1291.1,1.3495,2.45,0.6512,4.35,14-Sep-2021,14:56:01
 50,6.1,1.5,1291.1,1.3495,2.45,0.6512,4.35,14-Sep-2021,14:56:12
24,6.1,1.5,1291.1,1.3495,2.45,0.6512,4.35,14-Sep-2021,14:56:35
 50,6.1,1.5,1291.1,1.3495,2.45,0.6512,4.35,14-Sep-2021,14:56:42
 1,6.1,1.5,1291.1,1.3495,2.45,0.6512,4.35,14-Sep-2021,14:56:48
1,6.1,1.5,1291.1,1.3495,2.45,0.6512,4.35,14-Sep-2021,14:56:54
1,6.1,1.5,1291.1,1.3495,2.45,0.6512,4.35,14-Sep-2021,14:57:26
 1,6.1,1.5,1291.1,1.3495,2.45,0.6512,4.35,14-Sep-2021,14:57:37
1,6.1,1.5,1291.1,1.3495,2.45,0.6512,4.35,14-Sep-2021,15:07:54
 1,6.1,1.5,1291.1,1.3495,2.45,0.6512,4.35,14-Sep-2021,15:07:56
 10,6.1,1.5,1291.1,1.3495,2.45,0.6512,4.35,14-Sep-2021,15:08:07
 12,6.1,1.5,1291.1,1.3495,2.45,0.6512,4.35,14-Sep-2021,15:08:12
 -10,6.1,1.5,1291.1,1.3495,2.45,0.6512,4.35,14-Sep-2021,15:08:23
1,6.1,1.5,1291.1,1.3495,2.45,0.6512,4.35,14-Sep-2021,15:08:46
 0,6.1,1.5,1291.1,1.3495,2.45,0.6512,4.35,14-Sep-2021,15:08:58
0,6.1,1.5,1291.1,1.3495,2.45,0.6512,4.35,14-Sep-2021,15:09:26
 0,6.1,1.5,1291.1,1.3495,2.45,0.6512,4.35,14-Sep-2021,15:09:34
 10,6.1,1.5,1291.1,1.3495,2.45,0.6512,4.35,14-Sep-2021,15:09:51
 12,6.1,1.5,1291.1,1.3495,2.45,0.6512,4.35,14-Sep-2021,15:10:09
